variant,base_variant,split_id,experiment_group,history_strategy,freq_strategy,deploy_context_mode,electrode,model_bce,global_bce,pattern_bce,improvement_vs_pattern
task2_best_C4_bits_H24_GRU2_freqRBF16,task2_best_C4_bits_H24_GRU2_freqRBF16,random,single_best,H24_D64_embedding_layers2,direct_rbf16_plus_context,z_window_summary,0,0.0652415752410888,0.0706609562039375,0.0679458454251289,0.0398003758304835
task2_best_C4_bits_H24_GRU2_freqRBF16,task2_best_C4_bits_H24_GRU2_freqRBF16,random,single_best,H24_D64_embedding_layers2,direct_rbf16_plus_context,z_window_summary,1,0.012893347069621,0.0144498674198985,0.0140914190560579,0.0850213865381989
task2_best_C4_bits_H24_GRU2_freqRBF16,task2_best_C4_bits_H24_GRU2_freqRBF16,random,single_best,H24_D64_embedding_layers2,direct_rbf16_plus_context,z_window_summary,2,0.0609321519732475,0.0670221447944641,0.0647182688117027,0.0585015160011599
task2_best_C4_bits_H24_GRU2_freqRBF16,task2_best_C4_bits_H24_GRU2_freqRBF16,random,single_best,H24_D64_embedding_layers2,direct_rbf16_plus_context,z_window_summary,3,9.323765698354693e-05,0.0001075247782864,9.526752546662463e-05,0.0213070348278214
task2_best_C4_bits_H24_GRU2_freqRBF16,task2_best_C4_bits_H24_GRU2_freqRBF16,random,single_best,H24_D64_embedding_layers2,direct_rbf16_plus_context,z_window_summary,4,0.0001736340200295,0.0002033275668509,0.0002151207154383,0.1928530933168224
task2_best_C4_bits_H24_GRU2_freqRBF16,task2_best_C4_bits_H24_GRU2_freqRBF16,random,single_best,H24_D64_embedding_layers2,direct_rbf16_plus_context,z_window_summary,5,0.00070684106322,0.0008441060199402,0.0008669138769619,0.1846467313487182
task2_best_C4_bits_H24_GRU2_freqRBF16,task2_best_C4_bits_H24_GRU2_freqRBF16,random,single_best,H24_D64_embedding_layers2,direct_rbf16_plus_context,z_window_summary,6,0.0159515459090471,0.0177168119698762,0.0172551609575748,0.0755492835872645
task2_best_C4_bits_H24_GRU2_freqRBF16,task2_best_C4_bits_H24_GRU2_freqRBF16,random,single_best,H24_D64_embedding_layers2,direct_rbf16_plus_context,z_window_summary,7,0.0263481903821229,0.0305747110396623,0.0293465573340654,0.10217099463527
task2_best_C4_bits_H24_GRU2_freqRBF16,task2_best_C4_bits_H24_GRU2_freqRBF16,random,single_best,H24_D64_embedding_layers2,direct_rbf16_plus_context,z_window_summary,8,0.0678063780069351,0.0734435468912124,0.0694158300757408,0.0231856633717351
task2_best_C4_bits_H24_GRU2_freqRBF16,task2_best_C4_bits_H24_GRU2_freqRBF16,random,single_best,H24_D64_embedding_layers2,direct_rbf16_plus_context,z_window_summary,9,0.0541276708245277,0.0587983168661594,0.056243609637022,0.0376209639841727
task2_best_C4_bits_H24_GRU2_freqRBF16,task2_best_C4_bits_H24_GRU2_freqRBF16,random,single_best,H24_D64_embedding_layers2,direct_rbf16_plus_context,z_window_summary,10,0.0408631972968578,0.0469955131411552,0.0443823784589767,0.0792923066385849
task2_best_C4_bits_H24_GRU2_freqRBF16,task2_best_C4_bits_H24_GRU2_freqRBF16,random,single_best,H24_D64_embedding_layers2,direct_rbf16_plus_context,z_window_summary,11,0.0297341737896204,0.0325006395578384,0.0314583033323287,0.0548068191883876
task2_best_C4_bits_H24_GRU2_freqRBF16,task2_best_C4_bits_H24_GRU2_freqRBF16,random,single_best,H24_D64_embedding_layers2,direct_rbf16_plus_context,z_window_summary,12,0.0640579834580421,0.0688469484448432,0.066360667347908,0.0346995288307399
task2_best_C4_bits_H24_GRU2_freqRBF16,task2_best_C4_bits_H24_GRU2_freqRBF16,random,single_best,H24_D64_embedding_layers2,direct_rbf16_plus_context,z_window_summary,13,0.0556960292160511,0.0616066791117191,0.0595658421516418,0.064966981004634
task2_best_C4_bits_H24_GRU2_freqRBF16,task2_best_C4_bits_H24_GRU2_freqRBF16,random,single_best,H24_D64_embedding_layers2,direct_rbf16_plus_context,z_window_summary,14,0.0001802491169655,0.0001870858104666,0.0002079921978292,0.133385199797245
task2_best_C4_bits_H24_GRU2_freqRBF16,task2_best_C4_bits_H24_GRU2_freqRBF16,random,single_best,H24_D64_embedding_layers2,direct_rbf16_plus_context,z_window_summary,15,0.0603730604052543,0.0646719634532928,0.0625027492642402,0.0340735229098852
task2_best_C4_bits_H24_GRU2_freqRBF16,task2_best_C4_bits_H24_GRU2_freqRBF16,random,single_best,H24_D64_embedding_layers2,direct_rbf16_plus_context,z_window_summary,16,0.0370292216539382,0.040600337088108,0.0391135476529598,0.0532891063095322
task2_best_C4_bits_H24_GRU2_freqRBF16,task2_best_C4_bits_H24_GRU2_freqRBF16,random,single_best,H24_D64_embedding_layers2,direct_rbf16_plus_context,z_window_summary,17,0.0004537563945632,0.0005267955712042,0.0005967195611447,0.2395818335621764
task2_best_C4_bits_H24_GRU2_freqRBF16,task2_best_C4_bits_H24_GRU2_freqRBF16,random,single_best,H24_D64_embedding_layers2,direct_rbf16_plus_context,z_window_summary,18,0.0281425472348928,0.033548280596733,0.0311268884688615,0.0958766320942802
task2_best_C4_bits_H24_GRU2_freqRBF16,task2_best_C4_bits_H24_GRU2_freqRBF16,random,single_best,H24_D64_embedding_layers2,direct_rbf16_plus_context,z_window_summary,19,0.050160739570856,0.0539501830935478,0.0521667785942554,0.0384543396670511
task2_best_C4_bits_H24_GRU2_freqRBF16,task2_best_C4_bits_H24_GRU2_freqRBF16,random,single_best,H24_D64_embedding_layers2,direct_rbf16_plus_context,z_window_summary,20,0.000136753093102,0.0001509378198534,0.000162934520631,0.1606868049058769
task2_best_C4_bits_H24_GRU2_freqRBF16,task2_best_C4_bits_H24_GRU2_freqRBF16,random,single_best,H24_D64_embedding_layers2,direct_rbf16_plus_context,z_window_summary,21,0.0147030102089047,0.0197895765304565,0.0174518413841724,0.1575095209013696
task2_best_C4_bits_H24_GRU2_freqRBF16,task2_best_C4_bits_H24_GRU2_freqRBF16,random,single_best,H24_D64_embedding_layers2,direct_rbf16_plus_context,z_window_summary,22,0.0566238351166248,0.0630745515227317,0.0589207559823989,0.0389832212346409
task2_best_C4_bits_H24_GRU2_freqRBF16,task2_best_C4_bits_H24_GRU2_freqRBF16,random,single_best,H24_D64_embedding_layers2,direct_rbf16_plus_context,z_window_summary,23,0.0559422560036182,0.0633629187941551,0.0607232525944709,0.0787341979650158
task2_best_C4_bits_H24_GRU2_freqRBF16,task2_best_C4_bits_H24_GRU2_freqRBF16,random,single_best,H24_D64_embedding_layers2,direct_rbf16_plus_context,z_window_summary,24,5.858266740688123e-05,6.086782377678901e-05,6.168440449982882e-05,0.0502839756353033
task2_best_C4_bits_H24_GRU2_freqRBF16,task2_best_C4_bits_H24_GRU2_freqRBF16,random,single_best,H24_D64_embedding_layers2,direct_rbf16_plus_context,z_window_summary,25,0.0308551304042339,0.0344417467713356,0.0329005569219589,0.0621699663801072
task2_best_C4_bits_H24_GRU2_freqRBF16,task2_best_C4_bits_H24_GRU2_freqRBF16,random,single_best,H24_D64_embedding_layers2,direct_rbf16_plus_context,z_window_summary,26,0.0040155062451958,0.0059547568671405,0.0053522838279604,0.2497583509643602
task2_best_C4_bits_H24_GRU2_freqRBF16,task2_best_C4_bits_H24_GRU2_freqRBF16,random,single_best,H24_D64_embedding_layers2,direct_rbf16_plus_context,z_window_summary,27,0.0261115822941064,0.0325098820030689,0.0293415375053882,0.110081321085803
task2_best_C4_bits_H24_GRU2_freqRBF16,task2_best_C4_bits_H24_GRU2_freqRBF16,random,single_best,H24_D64_embedding_layers2,direct_rbf16_plus_context,z_window_summary,28,0.0557636134326458,0.0617748722434043,0.0581797286868095,0.041528472351084
task2_best_C4_bits_H24_GRU2_freqRBF16,task2_best_C4_bits_H24_GRU2_freqRBF16,random,single_best,H24_D64_embedding_layers2,direct_rbf16_plus_context,z_window_summary,29,0.0072670676745474,0.0074457246810197,0.0081701800227165,0.1105376314423988
task2_best_C4_bits_H24_GRU2_freqRBF16,task2_best_C4_bits_H24_GRU2_freqRBF16,random,single_best,H24_D64_embedding_layers2,direct_rbf16_plus_context,z_window_summary,30,0.058699507266283,0.0644908472895622,0.0623871237039566,0.0591086143860756
task2_best_C4_bits_H24_GRU2_freqRBF16,task2_best_C4_bits_H24_GRU2_freqRBF16,random,single_best,H24_D64_embedding_layers2,direct_rbf16_plus_context,z_window_summary,31,0.0443227998912334,0.0473061986267566,0.0459350496530532,0.0350984656378329
task2_best_C4_bits_H24_GRU2_freqRBF16,task2_best_C4_bits_H24_GRU2_freqRBF16,random,single_best,H24_D64_embedding_layers2,direct_rbf16_plus_context,z_window_summary,32,0.0166098996996879,0.0216811764985322,0.0199739746749401,0.1684229118139822
task2_best_C4_bits_H24_GRU2_freqRBF16,task2_best_C4_bits_H24_GRU2_freqRBF16,random,single_best,H24_D64_embedding_layers2,direct_rbf16_plus_context,z_window_summary,33,0.0736680105328559,0.0840727612376213,0.0778100043535232,0.0532321499668405
task2_best_C4_bits_H24_GRU2_freqRBF16,task2_best_C4_bits_H24_GRU2_freqRBF16,random,single_best,H24_D64_embedding_layers2,direct_rbf16_plus_context,z_window_summary,34,0.0079199634492397,0.0094128679484128,0.009070886299014,0.1268809697128993
task2_best_C4_bits_H24_GRU2_freqRBF16,task2_best_C4_bits_H24_GRU2_freqRBF16,random,single_best,H24_D64_embedding_layers2,direct_rbf16_plus_context,z_window_summary,35,0.0023885259870439,0.0038574503269046,0.0034782250877469,0.3132917143694269
task2_best_C4_bits_H24_GRU2_freqRBF16,task2_best_C4_bits_H24_GRU2_freqRBF16,random,single_best,H24_D64_embedding_layers2,direct_rbf16_plus_context,z_window_summary,36,0.0048310416750609,0.0058588758111,0.0057152472436428,0.154709941825411
task2_best_C4_bits_H24_GRU2_freqRBF16,task2_best_C4_bits_H24_GRU2_freqRBF16,random,single_best,H24_D64_embedding_layers2,direct_rbf16_plus_context,z_window_summary,37,0.0541099570691585,0.0586169473826885,0.0564854480326175,0.0420549193853837
task2_best_C4_bits_H24_GRU2_freqRBF16,task2_best_C4_bits_H24_GRU2_freqRBF16,random,single_best,H24_D64_embedding_layers2,direct_rbf16_plus_context,z_window_summary,38,0.0446336455643177,0.0496348179876804,0.0468344688415527,0.0469915284975412
task2_best_C4_bits_H24_GRU2_freqRBF16,task2_best_C4_bits_H24_GRU2_freqRBF16,random,single_best,H24_D64_embedding_layers2,direct_rbf16_plus_context,z_window_summary,39,0.0513771623373031,0.0559839159250259,0.0537174865603446,0.0435672696713477
task2_best_C4_bits_H24_GRU2_freqRBF16,task2_best_C4_bits_H24_GRU2_freqRBF16,random,single_best,H24_D64_embedding_layers2,direct_rbf16_plus_context,z_window_summary,40,0.00238978699781,0.0029383392538875,0.0027931483928114,0.1444110151968731
task2_best_C4_bits_H24_GRU2_freqRBF16,task2_best_C4_bits_H24_GRU2_freqRBF16,random,single_best,H24_D64_embedding_layers2,direct_rbf16_plus_context,z_window_summary,41,1.5225160495901946e-05,1.0699103768274654e-05,1.0946525435429066e-05,-0.3908669546068772
task2_best_C4_bits_H24_GRU2_freqRBF16,task2_best_C4_bits_H24_GRU2_freqRBF16,random,single_best,H24_D64_embedding_layers2,direct_rbf16_plus_context,z_window_summary,42,0.004895279649645,0.0063436618074774,0.0059119439683854,0.1719678542586081
task2_best_C4_bits_H24_GRU2_freqRBF16,task2_best_C4_bits_H24_GRU2_freqRBF16,random,single_best,H24_D64_embedding_layers2,direct_rbf16_plus_context,z_window_summary,43,0.0637028887867927,0.0689732581377029,0.0656508058309555,0.0296708779048112
task2_best_C4_bits_H24_GRU2_freqRBF16,task2_best_C4_bits_H24_GRU2_freqRBF16,random,single_best,H24_D64_embedding_layers2,direct_rbf16_plus_context,z_window_summary,44,0.0603834837675094,0.0679116025567054,0.0646303668618202,0.0657103355670346
task2_best_C4_bits_H24_GRU2_freqRBF16,task2_best_C4_bits_H24_GRU2_freqRBF16,random,single_best,H24_D64_embedding_layers2,direct_rbf16_plus_context,z_window_summary,45,0.0625001937150955,0.0720920115709304,0.0664327442646026,0.0591959671851539
task2_best_C4_bits_H24_GRU2_freqRBF16,task2_best_C4_bits_H24_GRU2_freqRBF16,random,single_best,H24_D64_embedding_layers2,direct_rbf16_plus_context,z_window_summary,46,0.0039366008713841,0.0046615190804004,0.0045335195027291,0.1316678203293685
task2_best_C4_bits_H24_GRU2_freqRBF16,task2_best_C4_bits_H24_GRU2_freqRBF16,random,single_best,H24_D64_embedding_layers2,direct_rbf16_plus_context,z_window_summary,47,1.440997493773466e-05,1.0356359780416824e-05,1.0501196811674164e-05,-0.3722221567845595
task2_best_C4_bits_H24_GRU2_freqRBF16,task2_best_C4_bits_H24_GRU2_freqRBF16,random,single_best,H24_D64_embedding_layers2,direct_rbf16_plus_context,z_window_summary,48,0.0786583572626113,0.0856808945536613,0.0810483247041702,0.0294881781984059
task2_best_C4_bits_H24_GRU2_freqRBF16,task2_best_C4_bits_H24_GRU2_freqRBF16,random,single_best,H24_D64_embedding_layers2,direct_rbf16_plus_context,z_window_summary,49,0.0005966984317637,0.000976912328042,0.0008806951809674,0.3224688352350011
task2_best_C4_bits_H24_GRU2_freqRBF16,task2_best_C4_bits_H24_GRU2_freqRBF16,random,single_best,H24_D64_embedding_layers2,direct_rbf16_plus_context,z_window_summary,50,0.0699647739529609,0.0766357704997062,0.0723694115877151,0.0332272652492088
task2_best_C4_bits_H24_GRU2_freqRBF16,task2_best_C4_bits_H24_GRU2_freqRBF16,random,single_best,H24_D64_embedding_layers2,direct_rbf16_plus_context,z_window_summary,51,0.0007406846270896,0.0012560235336422,0.0011304314248263,0.3447770374895523
task2_best_C4_bits_H24_GRU2_freqRBF16,task2_best_C4_bits_H24_GRU2_freqRBF16,random,single_best,H24_D64_embedding_layers2,direct_rbf16_plus_context,z_window_summary,52,0.039937350898981,0.0471282005310058,0.0436737462878227,0.085552436106985
task2_best_C4_bits_H24_GRU2_freqRBF16,task2_best_C4_bits_H24_GRU2_freqRBF16,random,single_best,H24_D64_embedding_layers2,direct_rbf16_plus_context,z_window_summary,53,0.0774265229701995,0.0841653868556022,0.0796648040413856,0.0280962351959503
task2_best_C4_bits_H24_GRU2_freqRBF16,task2_best_C4_bits_H24_GRU2_freqRBF16,random,single_best,H24_D64_embedding_layers2,direct_rbf16_plus_context,z_window_summary,54,0.0096871796995401,0.0121773593127727,0.0114784222096204,0.1560530251778884
task2_best_C4_bits_H24_GRU2_freqRBF16,task2_best_C4_bits_H24_GRU2_freqRBF16,random,single_best,H24_D64_embedding_layers2,direct_rbf16_plus_context,z_window_summary,55,0.0779571160674095,0.0846722647547721,0.0809973403811454,0.0375348659527549
task2_best_C4_bits_H24_GRU2_freqRBF16,task2_best_C4_bits_H24_GRU2_freqRBF16,random,single_best,H24_D64_embedding_layers2,direct_rbf16_plus_context,z_window_summary,56,0.0802764296531677,0.0862731263041496,0.0829766020178794,0.0325413706882084
task2_best_C4_bits_H24_GRU2_freqRBF16,task2_best_C4_bits_H24_GRU2_freqRBF16,random,single_best,H24_D64_embedding_layers2,direct_rbf16_plus_context,z_window_summary,57,0.0751393884420394,0.0813533067703247,0.076951190829277,0.0235448258527563
task2_best_C4_bits_H24_GRU2_freqRBF16,task2_best_C4_bits_H24_GRU2_freqRBF16,random,single_best,H24_D64_embedding_layers2,direct_rbf16_plus_context,z_window_summary,58,0.0550911240279674,0.0627898052334785,0.0598366186022758,0.0793075324969633
task2_best_C4_bits_H24_GRU2_freqRBF16,task2_best_C4_bits_H24_GRU2_freqRBF16,random,single_best,H24_D64_embedding_layers2,direct_rbf16_plus_context,z_window_summary,59,0.0086943255737423,0.0113110970705747,0.0106185050681233,0.1812100179861778
task2_best_C4_bits_H24_GRU2_freqRBF16,task2_best_C4_bits_H24_GRU2_freqRBF16,random,single_best,H24_D64_embedding_layers2,direct_rbf16_plus_context,z_window_summary,60,0.0150541728362441,0.017657097429037,0.0172230545431375,0.1259289809168969
task2_best_C4_bits_H24_GRU2_freqRBF16,task2_best_C4_bits_H24_GRU2_freqRBF16,random,single_best,H24_D64_embedding_layers2,direct_rbf16_plus_context,z_window_summary,61,0.0117301391437649,0.0152890179306268,0.0143815902993083,0.1843642532127238
task2_best_C4_bits_H24_GRU2_freqRBF16,task2_best_C4_bits_H24_GRU2_freqRBF16,random,single_best,H24_D64_embedding_layers2,direct_rbf16_plus_context,z_window_summary,62,0.0127938417717814,0.0171621963381767,0.0154784675687551,0.1734426089048307
task2_best_C4_bits_H24_GRU2_freqRBF16,task2_best_C4_bits_H24_GRU2_freqRBF16,random,single_best,H24_D64_embedding_layers2,direct_rbf16_plus_context,z_window_summary,63,0.0681511536240577,0.0735032856464386,0.0707722380757331,0.037035489097725
task2_best_C4_bits_H24_GRU2_freqRBF16,task2_best_C4_bits_H24_GRU2_freqRBF16,random,single_best,H24_D64_embedding_layers2,direct_rbf16_plus_context,z_window_summary,64,0.0643503293395042,0.0712253153324127,0.0668806433677673,0.0378332788210371
task2_best_C4_bits_H24_GRU2_freqRBF16,task2_best_C4_bits_H24_GRU2_freqRBF16,random,single_best,H24_D64_embedding_layers2,direct_rbf16_plus_context,z_window_summary,65,0.0614889897406101,0.0676381960511207,0.0652613267302513,0.0578035596063442
task2_best_C4_bits_H24_GRU2_freqRBF16,task2_best_C4_bits_H24_GRU2_freqRBF16,random,single_best,H24_D64_embedding_layers2,direct_rbf16_plus_context,z_window_summary,66,0.0518122091889381,0.060011651366949,0.0554333440959453,0.0653241287543409
task2_best_C4_bits_H24_GRU2_freqRBF16,task2_best_C4_bits_H24_GRU2_freqRBF16,random,single_best,H24_D64_embedding_layers2,direct_rbf16_plus_context,z_window_summary,67,0.0172666274011135,0.0203411988914012,0.0193965379148721,0.1098087979982017
task2_best_C4_bits_H24_GRU2_freqRBF16,task2_best_C4_bits_H24_GRU2_freqRBF16,random,single_best,H24_D64_embedding_layers2,direct_rbf16_plus_context,z_window_summary,68,0.049715157598257,0.0567493289709091,0.0531621389091014,0.0648390260733901
task2_best_C4_bits_H24_GRU2_freqRBF16,task2_best_C4_bits_H24_GRU2_freqRBF16,random,single_best,H24_D64_embedding_layers2,direct_rbf16_plus_context,z_window_summary,69,0.0247941706329584,0.0292244628071784,0.0275870431214571,0.1012385588481718
task2_best_C4_bits_H24_GRU2_freqRBF16,task2_best_C4_bits_H24_GRU2_freqRBF16,random,single_best,H24_D64_embedding_layers2,direct_rbf16_plus_context,z_window_summary,70,0.0131410276517272,0.0164671819657087,0.0152222923934459,0.1367247907164671
task2_best_C4_bits_H24_GRU2_freqRBF16,task2_best_C4_bits_H24_GRU2_freqRBF16,random,single_best,H24_D64_embedding_layers2,direct_rbf16_plus_context,z_window_summary,71,0.0542511269450187,0.0589929893612861,0.0564788877964019,0.039444134583775
task2_best_C4_bits_H24_GRU2_freqRBF16,task2_best_C4_bits_H24_GRU2_freqRBF16,random,single_best,H24_D64_embedding_layers2,direct_rbf16_plus_context,z_window_summary,72,0.0515862070024013,0.0564969517290592,0.0545139983296394,0.0537071470988807
task2_best_C4_bits_H24_GRU2_freqRBF16,task2_best_C4_bits_H24_GRU2_freqRBF16,random,single_best,H24_D64_embedding_layers2,direct_rbf16_plus_context,z_window_summary,73,0.0260718148201704,0.0285881459712982,0.0280364416539669,0.070074043562462
task2_best_C4_bits_H24_GRU2_freqRBF16,task2_best_C4_bits_H24_GRU2_freqRBF16,random,single_best,H24_D64_embedding_layers2,direct_rbf16_plus_context,z_window_summary,74,0.0451236739754676,0.0492765828967094,0.0474509596824646,0.0490461251483805
task2_best_C4_bits_H24_GRU2_freqRBF16,task2_best_C4_bits_H24_GRU2_freqRBF16,random,single_best,H24_D64_embedding_layers2,direct_rbf16_plus_context,z_window_summary,75,0.0013483484508469,0.0015664438251405,0.0016105235554277,0.1627887426403895
task2_best_C4_bits_H24_GRU2_freqRBF16,task2_best_C4_bits_H24_GRU2_freqRBF16,random,single_best,H24_D64_embedding_layers2,direct_rbf16_plus_context,z_window_summary,76,0.0298428051173686,0.0363952368497848,0.0340795330703258,0.1243188380607893
task2_best_C4_bits_H24_GRU2_freqRBF16,task2_best_C4_bits_H24_GRU2_freqRBF16,random,single_best,H24_D64_embedding_layers2,direct_rbf16_plus_context,z_window_summary,77,0.0013754547107964,0.0021170089021325,0.0019336809637024,0.2886858087681461
task2_best_C4_bits_H24_GRU2_freqRBF16,task2_best_C4_bits_H24_GRU2_freqRBF16,random,single_best,H24_D64_embedding_layers2,direct_rbf16_plus_context,z_window_summary,78,0.0396260172128677,0.0455729402601718,0.0432575494050979,0.0839514083015124
task2_best_C4_bits_H24_GRU2_freqRBF16,task2_best_C4_bits_H24_GRU2_freqRBF16,random,single_best,H24_D64_embedding_layers2,direct_rbf16_plus_context,z_window_summary,79,0.0086715696379542,0.0104030342772603,0.0098304767161607,0.1178892043252956
task2_best_C4_bits_H24_GRU2_freqRBF16,task2_best_C4_bits_H24_GRU2_freqRBF16,random,single_best,H24_D64_embedding_layers2,direct_rbf16_plus_context,z_window_summary,80,0.0818764716386795,0.0894974917173385,0.0846432372927665,0.0326873799086546
task2_best_C4_bits_H24_GRU2_freqRBF16,task2_best_C4_bits_H24_GRU2_freqRBF16,random,single_best,H24_D64_embedding_layers2,direct_rbf16_plus_context,z_window_summary,81,0.0004623630084097,0.0008057352388277,0.0007143439142964,0.3527445266120913
task2_best_C4_bits_H24_GRU2_freqRBF16,task2_best_C4_bits_H24_GRU2_freqRBF16,random,single_best,H24_D64_embedding_layers2,direct_rbf16_plus_context,z_window_summary,82,0.0259888377040624,0.0307831205427646,0.028904914855957,0.1008851666377973
task2_best_C4_bits_H24_GRU2_freqRBF16,task2_best_C4_bits_H24_GRU2_freqRBF16,random,single_best,H24_D64_embedding_layers2,direct_rbf16_plus_context,z_window_summary,83,0.017009126022458,0.0204238053411245,0.0197485387325286,0.1387147042711774
task2_best_C4_bits_H24_GRU2_freqRBF16,task2_best_C4_bits_H24_GRU2_freqRBF16,random,single_best,H24_D64_embedding_layers2,direct_rbf16_plus_context,z_window_summary,84,0.0772949084639549,0.0879765674471855,0.0817612558603286,0.0546266975644739
task2_best_C4_bits_H24_GRU2_freqRBF16,task2_best_C4_bits_H24_GRU2_freqRBF16,random,single_best,H24_D64_embedding_layers2,direct_rbf16_plus_context,z_window_summary,85,0.0524589382112026,0.0585250407457351,0.0566318891942501,0.073685533758799
task2_best_C4_bits_H24_GRU2_freqRBF16,task2_best_C4_bits_H24_GRU2_freqRBF16,random,single_best,H24_D64_embedding_layers2,direct_rbf16_plus_context,z_window_summary,86,0.0292115472257137,0.0332924090325832,0.031683824956417,0.0780296486962705
task2_best_C4_bits_H24_GRU2_freqRBF16,task2_best_C4_bits_H24_GRU2_freqRBF16,random,single_best,H24_D64_embedding_layers2,direct_rbf16_plus_context,z_window_summary,87,0.0728237330913543,0.0802464336156845,0.0760968327522277,0.0430122981797503
task2_best_C4_bits_H24_GRU2_freqRBF16,task2_best_C4_bits_H24_GRU2_freqRBF16,random,single_best,H24_D64_embedding_layers2,direct_rbf16_plus_context,z_window_summary,88,0.006638825405389,0.0082766851410269,0.0077128056436777,0.1392463764685937
task2_best_C4_bits_H24_GRU2_freqRBF16,task2_best_C4_bits_H24_GRU2_freqRBF16,random,single_best,H24_D64_embedding_layers2,direct_rbf16_plus_context,z_window_summary,89,0.0587325133383274,0.0629002228379249,0.0608501844108104,0.0348013912034561
task2_best_C4_bits_H24_GRU2_freqRBF16,task2_best_C4_bits_H24_GRU2_freqRBF16,random,single_best,H24_D64_embedding_layers2,direct_rbf16_plus_context,z_window_summary,90,0.0100890873000025,0.0124272210523486,0.0118442019447684,0.1481834447732535
task2_best_C4_bits_H24_GRU2_freqRBF16,task2_best_C4_bits_H24_GRU2_freqRBF16,random,single_best,H24_D64_embedding_layers2,direct_rbf16_plus_context,z_window_summary,91,0.0299501661211252,0.0351020283997058,0.0330716669559478,0.0943859539641759
task2_best_C4_bits_H24_GRU2_freqRBF16,task2_best_C4_bits_H24_GRU2_freqRBF16,random,single_best,H24_D64_embedding_layers2,direct_rbf16_plus_context,z_window_summary,92,0.0178780779242515,0.0214246902614831,0.0203096289187669,0.1197240483438159
task2_best_C4_bits_H24_GRU2_freqRBF16,task2_best_C4_bits_H24_GRU2_freqRBF16,random,single_best,H24_D64_embedding_layers2,direct_rbf16_plus_context,z_window_summary,93,0.0171922780573368,0.0214854907244443,0.0196055155247449,0.1230897226019038
task2_best_C4_bits_H24_GRU2_freqRBF16,task2_best_C4_bits_H24_GRU2_freqRBF16,random,single_best,H24_D64_embedding_layers2,direct_rbf16_plus_context,z_window_summary,94,0.0669309496879577,0.0738723203539848,0.0697618573904037,0.0405795918907886
task2_best_C4_bits_H24_GRU2_freqRBF16,task2_best_C4_bits_H24_GRU2_freqRBF16,random,single_best,H24_D64_embedding_layers2,direct_rbf16_plus_context,z_window_summary,95,0.0449009090662002,0.0499685928225517,0.0469554141163826,0.043754380380718
task2_best_C4_bits_H24_GRU2_freqRBF16,task2_best_C4_bits_H24_GRU2_freqRBF16,random,single_best,H24_D64_embedding_layers2,direct_rbf16_plus_context,z_window_summary,96,0.0571889616549015,0.0626237988471984,0.0591491572558879,0.0331398737010974
task2_best_C4_bits_H24_GRU2_freqRBF16,task2_best_C4_bits_H24_GRU2_freqRBF16,random,single_best,H24_D64_embedding_layers2,direct_rbf16_plus_context,z_window_summary,97,0.0047119748778641,0.0065384022891521,0.0062187132425606,0.2422910184030428
task2_best_C4_bits_H24_GRU2_freqRBF16,task2_best_C4_bits_H24_GRU2_freqRBF16,random,single_best,H24_D64_embedding_layers2,direct_rbf16_plus_context,z_window_summary,98,0.0300704054534435,0.0354591645300388,0.0332573987543582,0.0958280990180303
task2_best_C4_bits_H24_GRU2_freqRBF16,task2_best_C4_bits_H24_GRU2_freqRBF16,random,single_best,H24_D64_embedding_layers2,direct_rbf16_plus_context,z_window_summary,99,0.0699986070394516,0.0803117677569389,0.0739196836948394,0.0530450951545619
task2_best_C4_bits_H24_GRU2_freqRBF16,task2_best_C4_bits_H24_GRU2_freqRBF16,random,single_best,H24_D64_embedding_layers2,direct_rbf16_plus_context,z_window_summary,100,0.0047255991958081,0.0062842941842973,0.0057973321527242,0.1848665780539188
task2_best_C4_bits_H24_GRU2_freqRBF16,task2_best_C4_bits_H24_GRU2_freqRBF16,random,single_best,H24_D64_embedding_layers2,direct_rbf16_plus_context,z_window_summary,101,0.0075942818075418,0.0086158569902181,0.0084893470630049,0.1054339337077706
task2_best_C4_bits_H24_GRU2_freqRBF16,task2_best_C4_bits_H24_GRU2_freqRBF16,random,single_best,H24_D64_embedding_layers2,direct_rbf16_plus_context,z_window_summary,102,0.0738183259963989,0.0842172056436538,0.078219898045063,0.0562717691875322
task2_best_C4_bits_H24_GRU2_freqRBF16,task2_best_C4_bits_H24_GRU2_freqRBF16,random,single_best,H24_D64_embedding_layers2,direct_rbf16_plus_context,z_window_summary,103,0.0537244528532028,0.0580143071711063,0.0560334622859954,0.0412076880241212
task2_best_C4_bits_H24_GRU2_freqRBF16,task2_best_C4_bits_H24_GRU2_freqRBF16,random,single_best,H24_D64_embedding_layers2,direct_rbf16_plus_context,z_window_summary,104,0.0566707774996757,0.064399816095829,0.0613525621592998,0.0763095214747186
task2_best_C4_bits_H24_GRU2_freqRBF16,task2_best_C4_bits_H24_GRU2_freqRBF16,random,single_best,H24_D64_embedding_layers2,direct_rbf16_plus_context,z_window_summary,105,1.33178400574252e-05,1.0356359780416824e-05,1.045896533469204e-05,-0.2733420210554069
task2_best_C4_bits_H24_GRU2_freqRBF16,task2_best_C4_bits_H24_GRU2_freqRBF16,random,single_best,H24_D64_embedding_layers2,direct_rbf16_plus_context,z_window_summary,106,0.0162618458271026,0.0203752294182777,0.0194330718368291,0.163187067713941
task2_best_C4_bits_H24_GRU2_freqRBF16,task2_best_C4_bits_H24_GRU2_freqRBF16,random,single_best,H24_D64_embedding_layers2,direct_rbf16_plus_context,z_window_summary,107,0.0544825419783592,0.0599927566945552,0.0567778199911117,0.0404256100905572
task2_best_C4_bits_H24_GRU2_freqRBF16,task2_best_C4_bits_H24_GRU2_freqRBF16,random,single_best,H24_D64_embedding_layers2,direct_rbf16_plus_context,z_window_summary,108,2.875422069337219e-05,2.7879015760845505e-05,2.84190900856629e-05,-0.0117924467918963
task2_best_C4_bits_H24_GRU2_freqRBF16,task2_best_C4_bits_H24_GRU2_freqRBF16,random,single_best,H24_D64_embedding_layers2,direct_rbf16_plus_context,z_window_summary,109,0.017528036609292,0.0187089182436466,0.0187049210071563,0.0629184372077312
task2_best_C4_bits_H24_GRU2_freqRBF16,task2_best_C4_bits_H24_GRU2_freqRBF16,random,single_best,H24_D64_embedding_layers2,direct_rbf16_plus_context,z_window_summary,110,0.0403177626430988,0.0441597923636436,0.0426172837615013,0.053957477235557
task2_best_C4_bits_H24_GRU2_freqRBF16,task2_best_C4_bits_H24_GRU2_freqRBF16,random,single_best,H24_D64_embedding_layers2,direct_rbf16_plus_context,z_window_summary,111,0.0001700549619272,0.000204953859793,0.0002092736976919,0.187404036901286
task2_best_C4_bits_H24_GRU2_freqRBF16,task2_best_C4_bits_H24_GRU2_freqRBF16,random,single_best,H24_D64_embedding_layers2,direct_rbf16_plus_context,z_window_summary,112,0.0585611909627914,0.0666331648826599,0.0620709247887134,0.0565439267719787
task2_best_C4_bits_H24_GRU2_freqRBF16,task2_best_C4_bits_H24_GRU2_freqRBF16,random,single_best,H24_D64_embedding_layers2,direct_rbf16_plus_context,z_window_summary,113,0.0536152645945549,0.0580069124698638,0.0558433607220649,0.0398990336308627
task2_best_C4_bits_H24_GRU2_freqRBF16,task2_best_C4_bits_H24_GRU2_freqRBF16,random,single_best,H24_D64_embedding_layers2,direct_rbf16_plus_context,z_window_summary,114,0.0497395545244216,0.0544202402234077,0.0518674477934837,0.0410256019832419
task2_best_C4_bits_H24_GRU2_freqRBF16,task2_best_C4_bits_H24_GRU2_freqRBF16,random,single_best,H24_D64_embedding_layers2,direct_rbf16_plus_context,z_window_summary,115,0.0299695581197738,0.0362436808645725,0.0338659137487411,0.1150524287599391
task2_best_C4_bits_H24_GRU2_freqRBF16,task2_best_C4_bits_H24_GRU2_freqRBF16,random,single_best,H24_D64_embedding_layers2,direct_rbf16_plus_context,z_window_summary,116,0.0158647280186414,0.0209712274372577,0.0192652642726898,0.1765112695011872
task2_best_C4_bits_H24_GRU2_freqRBF16,task2_best_C4_bits_H24_GRU2_freqRBF16,random,single_best,H24_D64_embedding_layers2,direct_rbf16_plus_context,z_window_summary,117,0.0606197789311409,0.066754437983036,0.06330107152462,0.0423577757674497
task2_best_C4_bits_H24_GRU2_freqRBF16,task2_best_C4_bits_H24_GRU2_freqRBF16,random,single_best,H24_D64_embedding_layers2,direct_rbf16_plus_context,z_window_summary,118,0.0335703045129776,0.0375232920050621,0.0355318523943424,0.0552053368790069
task2_best_C4_bits_H24_GRU2_freqRBF16,task2_best_C4_bits_H24_GRU2_freqRBF16,random,single_best,H24_D64_embedding_layers2,direct_rbf16_plus_context,z_window_summary,119,0.0247117709368467,0.028593910858035,0.0275896750390529,0.1043109097201246
task2_best_C4_bits_H24_GRU2_freqRBF16,task2_best_C4_bits_H24_GRU2_freqRBF16,random,single_best,H24_D64_embedding_layers2,direct_rbf16_plus_context,z_window_summary,120,5.278955359244719e-05,5.433268961496651e-05,5.59012005396653e-05,0.055663329538159
task2_best_C4_bits_H24_GRU2_freqRBF16,task2_best_C4_bits_H24_GRU2_freqRBF16,random,single_best,H24_D64_embedding_layers2,direct_rbf16_plus_context,z_window_summary,121,0.0077152294106781,0.0098715964704751,0.0095329293981194,0.1906759099464092
task2_best_C4_bits_H24_GRU2_freqRBF16,task2_best_C4_bits_H24_GRU2_freqRBF16,random,single_best,H24_D64_embedding_layers2,direct_rbf16_plus_context,z_window_summary,122,0.0349472388625144,0.0385242030024528,0.0374761037528514,0.0674793971917257
task2_best_C4_bits_H24_GRU2_freqRBF16,task2_best_C4_bits_H24_GRU2_freqRBF16,random,single_best,H24_D64_embedding_layers2,direct_rbf16_plus_context,z_window_summary,123,0.0337233953177928,0.0375053025782108,0.0361099056899547,0.0660901856862439
task2_best_C4_bits_H24_GRU2_freqRBF16,task2_best_C4_bits_H24_GRU2_freqRBF16,random,single_best,H24_D64_embedding_layers2,direct_rbf16_plus_context,z_window_summary,124,0.0621920600533485,0.0685600489377975,0.0653703585267067,0.0486198721406687
task2_best_C4_bits_H24_GRU2_freqRBF16,task2_best_C4_bits_H24_GRU2_freqRBF16,random,single_best,H24_D64_embedding_layers2,direct_rbf16_plus_context,z_window_summary,125,0.0560463145375251,0.0643177926540374,0.0595781058073043,0.0592800194286506
task2_best_C4_bits_H24_GRU2_freqRBF16,task2_best_C4_bits_H24_GRU2_freqRBF16,random,single_best,H24_D64_embedding_layers2,direct_rbf16_plus_context,z_window_summary,126,0.0007503128726966,0.000951437454205,0.0009433072409592,0.2045933285387817
task2_best_C4_bits_H24_GRU2_freqRBF16,task2_best_C4_bits_H24_GRU2_freqRBF16,random,single_best,H24_D64_embedding_layers2,direct_rbf16_plus_context,z_window_summary,127,0.017167143523693,0.0211989264935255,0.020106853917241,0.1462043940662088
task2_best_C4_bits_H24_GRU2_freqRBF16,task2_best_C4_bits_H24_GRU2_freqRBF16,random,single_best,H24_D64_embedding_layers2,direct_rbf16_plus_context,z_window_summary,128,0.0602379813790321,0.0661521181464195,0.0624967068433761,0.0361415117440451
task2_best_C4_bits_H24_GRU2_freqRBF16,task2_best_C4_bits_H24_GRU2_freqRBF16,random,single_best,H24_D64_embedding_layers2,direct_rbf16_plus_context,z_window_summary,129,0.0017957541858777,0.0022866423241794,0.0021281754598021,0.1562001255081263
task2_best_C4_bits_H24_GRU2_freqRBF16,task2_best_C4_bits_H24_GRU2_freqRBF16,random,single_best,H24_D64_embedding_layers2,direct_rbf16_plus_context,z_window_summary,130,0.0594967789947986,0.0651217922568321,0.0622315779328346,0.0439455181578005
task2_best_C4_bits_H24_GRU2_freqRBF16,task2_best_C4_bits_H24_GRU2_freqRBF16,random,single_best,H24_D64_embedding_layers2,direct_rbf16_plus_context,z_window_summary,131,0.000739469716791,0.0008902156259864,0.0008626891067251,0.1428317443370119
task2_best_C4_bits_H24_GRU2_freqRBF16,task2_best_C4_bits_H24_GRU2_freqRBF16,random,single_best,H24_D64_embedding_layers2,direct_rbf16_plus_context,z_window_summary,132,0.0430602729320526,0.0494485385715961,0.0467402413487434,0.0787323366439946
task2_best_C4_bits_H24_GRU2_freqRBF16,task2_best_C4_bits_H24_GRU2_freqRBF16,random,single_best,H24_D64_embedding_layers2,direct_rbf16_plus_context,z_window_summary,133,0.0125201260671019,0.0170786585658788,0.0151122761890292,0.1715261215123263
task2_best_C4_bits_H24_GRU2_freqRBF16,task2_best_C4_bits_H24_GRU2_freqRBF16,random,single_best,H24_D64_embedding_layers2,direct_rbf16_plus_context,z_window_summary,134,0.0771219059824943,0.0870257169008255,0.0813707932829856,0.0522163681717449
task2_best_C4_bits_H24_GRU2_freqRBF16,task2_best_C4_bits_H24_GRU2_freqRBF16,random,single_best,H24_D64_embedding_layers2,direct_rbf16_plus_context,z_window_summary,135,0.0269453730434179,0.0331500321626663,0.0312178526073694,0.1368601363356719
task2_best_C4_bits_H24_GRU2_freqRBF16,task2_best_C4_bits_H24_GRU2_freqRBF16,random,single_best,H24_D64_embedding_layers2,direct_rbf16_plus_context,z_window_summary,136,0.0073022055439651,0.0092922933399677,0.0085580749437212,0.1467467167575545
task2_best_C4_bits_H24_GRU2_freqRBF16,task2_best_C4_bits_H24_GRU2_freqRBF16,random,single_best,H24_D64_embedding_layers2,direct_rbf16_plus_context,z_window_summary,137,0.001846806728281,0.0027855669613927,0.0025774613022804,0.2834783875718692
task2_best_C4_bits_H24_GRU2_freqRBF16,task2_best_C4_bits_H24_GRU2_freqRBF16,random,single_best,H24_D64_embedding_layers2,direct_rbf16_plus_context,z_window_summary,138,0.0050579970702528,0.0065001831389963,0.0060771843418478,0.1677071509213255
task2_best_C4_bits_H24_GRU2_freqRBF16,task2_best_C4_bits_H24_GRU2_freqRBF16,random,single_best,H24_D64_embedding_layers2,direct_rbf16_plus_context,z_window_summary,139,0.0505600050091743,0.0552420578896999,0.0527503453195095,0.0415227672362757
task2_best_C4_bits_H24_GRU2_freqRBF16,task2_best_C4_bits_H24_GRU2_freqRBF16,random,single_best,H24_D64_embedding_layers2,direct_rbf16_plus_context,z_window_summary,140,0.0057539897970855,0.0069191213697195,0.0066664624027907,0.1368750846510845
task2_best_C4_bits_H24_GRU2_freqRBF16,task2_best_C4_bits_H24_GRU2_freqRBF16,random,single_best,H24_D64_embedding_layers2,direct_rbf16_plus_context,z_window_summary,141,0.0532980747520923,0.0575470142066478,0.0554704666137695,0.039163035652884
task2_best_C4_bits_H24_GRU2_freqRBF16,task2_best_C4_bits_H24_GRU2_freqRBF16,random,single_best,H24_D64_embedding_layers2,direct_rbf16_plus_context,z_window_summary,142,0.0601695515215396,0.0666468963027,0.0632801279425621,0.0491556594804266
task2_best_C4_bits_H24_GRU2_freqRBF16,task2_best_C4_bits_H24_GRU2_freqRBF16,random,single_best,H24_D64_embedding_layers2,direct_rbf16_plus_context,z_window_summary,143,0.0025733220390975,0.0039428793825209,0.0035306594800204,0.2711497515804962
task2_best_C4_bits_H24_GRU2_freqRBF16,task2_best_C4_bits_H24_GRU2_freqRBF16,random,single_best,H24_D64_embedding_layers2,direct_rbf16_plus_context,z_window_summary,144,0.0194603279232978,0.024208502843976,0.0216827746480703,0.1024982623693061
task2_best_C4_bits_H24_GRU2_freqRBF16,task2_best_C4_bits_H24_GRU2_freqRBF16,random,single_best,H24_D64_embedding_layers2,direct_rbf16_plus_context,z_window_summary,145,0.061146892607212,0.0672886669635772,0.0634711310267448,0.0366188278345538
task2_best_C4_bits_H24_GRU2_freqRBF16,task2_best_C4_bits_H24_GRU2_freqRBF16,random,single_best,H24_D64_embedding_layers2,direct_rbf16_plus_context,z_window_summary,146,0.0346734188497066,0.0436588786542415,0.0363590344786644,0.0463602967770465
task2_best_C4_bits_H24_GRU2_freqRBF16,task2_best_C4_bits_H24_GRU2_freqRBF16,random,single_best,H24_D64_embedding_layers2,direct_rbf16_plus_context,z_window_summary,147,0.000859021267388,0.0010567987337708,0.0010200258111581,0.1578435976902415
task2_best_C4_bits_H24_GRU2_freqRBF16,task2_best_C4_bits_H24_GRU2_freqRBF16,random,single_best,H24_D64_embedding_layers2,direct_rbf16_plus_context,z_window_summary,148,2.9434913813020103e-05,2.822171700245235e-05,2.8752079742844217e-05,-0.0237490322885539
task2_best_C4_bits_H24_GRU2_freqRBF16,task2_best_C4_bits_H24_GRU2_freqRBF16,random,single_best,H24_D64_embedding_layers2,direct_rbf16_plus_context,z_window_summary,149,0.051554013043642,0.0577731244266033,0.0558249875903129,0.0765065023930616
task2_best_C4_bits_H24_GRU2_freqRBF16,task2_best_C4_bits_H24_GRU2_freqRBF16,random,single_best,H24_D64_embedding_layers2,direct_rbf16_plus_context,z_window_summary,150,0.0613614022731781,0.0659141242504119,0.0636514872312545,0.0359784988174162
task2_best_C4_bits_H24_GRU2_freqRBF16,task2_best_C4_bits_H24_GRU2_freqRBF16,random,single_best,H24_D64_embedding_layers2,direct_rbf16_plus_context,z_window_summary,151,0.0202419459819793,0.0254866983741521,0.0239298455417156,0.1541129696515313
task2_best_C4_bits_H24_GRU2_freqRBF16,task2_best_C4_bits_H24_GRU2_freqRBF16,random,single_best,H24_D64_embedding_layers2,direct_rbf16_plus_context,z_window_summary,152,0.0470147989690303,0.0523898750543594,0.0506379269063472,0.0715496893073391
task2_best_C4_bits_H24_GRU2_freqRBF16,task2_best_C4_bits_H24_GRU2_freqRBF16,random,single_best,H24_D64_embedding_layers2,direct_rbf16_plus_context,z_window_summary,153,0.0555138625204563,0.0621397234499454,0.0599293000996112,0.0736774427836778
task2_best_C4_bits_H24_GRU2_freqRBF16,task2_best_C4_bits_H24_GRU2_freqRBF16,random,single_best,H24_D64_embedding_layers2,direct_rbf16_plus_context,z_window_summary,154,0.0625694245100021,0.0710978209972381,0.0663574412465095,0.0570850331982423
task2_best_C4_bits_H24_GRU2_freqRBF16,task2_best_C4_bits_H24_GRU2_freqRBF16,random,single_best,H24_D64_embedding_layers2,direct_rbf16_plus_context,z_window_summary,155,0.0036761192604899,0.005726808682084,0.0051044994033873,0.2798276637958866
task2_best_C4_bits_H24_GRU2_freqRBF16,task2_best_C4_bits_H24_GRU2_freqRBF16,random,single_best,H24_D64_embedding_layers2,direct_rbf16_plus_context,z_window_summary,156,0.032888289541006,0.0373720601201057,0.0362148433923721,0.0918560882708858
task2_best_C4_bits_H24_GRU2_freqRBF16,task2_best_C4_bits_H24_GRU2_freqRBF16,random,single_best,H24_D64_embedding_layers2,direct_rbf16_plus_context,z_window_summary,157,0.0561844669282436,0.0618342757225036,0.0584276318550109,0.0383921931378939
task2_best_C4_bits_H24_GRU2_freqRBF16,task2_best_C4_bits_H24_GRU2_freqRBF16,random,single_best,H24_D64_embedding_layers2,direct_rbf16_plus_context,z_window_summary,158,0.0510438159108161,0.0561731234192848,0.0533392578363418,0.0430347556122481
task2_best_C4_bits_H24_GRU2_freqRBF16,task2_best_C4_bits_H24_GRU2_freqRBF16,random,single_best,H24_D64_embedding_layers2,direct_rbf16_plus_context,z_window_summary,159,0.0154905598610639,0.0202237479388713,0.0188303291797637,0.1773611755172583
